,Name,Metaphor,Link
0,Bitcoin,BTC,https://www.tradingview.com/symbols/BTCUSD/?exchange=CRYPTO
1,Ethereum,ETH,https://www.tradingview.com/symbols/ETHUSD/?exchange=CRYPTO
2,Tether,USDT,https://www.tradingview.com/symbols/USDTUSD/?exchange=CRYPTO
3,BNB,BNB,https://www.tradingview.com/symbols/BNBUSD/?exchange=CRYPTO
4,Solana,SOL,https://www.tradingview.com/symbols/SOLUSD/?exchange=CRYPTO
5,USD Coin,USDC,https://www.tradingview.com/symbols/USDCUSD/?exchange=CRYPTO
6,XRP,XRP,https://www.tradingview.com/symbols/XRPUSD/?exchange=CRYPTO
7,Dogecoin,DOGE,https://www.tradingview.com/symbols/DOGEUSD/?exchange=CRYPTO
8,Toncoin,TON,https://www.tradingview.com/symbols/TONUSD/?exchange=CRYPTO
9,Cardano,ADA,https://www.tradingview.com/symbols/ADAUSD/?exchange=CRYPTO
10,Shiba Inu,SHIB,https://www.tradingview.com/symbols/SHIBUSD/?exchange=CRYPTO
11,Avalanche,AVAX,https://www.tradingview.com/symbols/AVAXUSD/?exchange=CRYPTO
12,TRON,TRX,https://www.tradingview.com/symbols/TRXUSD/?exchange=CRYPTO
13,Polkadot,DOT,https://www.tradingview.com/symbols/DOTUSD/?exchange=CRYPTO
14,Bitcoin Cash,BCH,https://www.tradingview.com/symbols/BCHUSD/?exchange=CRYPTO
15,Chainlink,LINK,https://www.tradingview.com/symbols/LINKUSD/?exchange=CRYPTO
16,Polygon,MATIC,https://www.tradingview.com/symbols/MATICUSD/?exchange=CRYPTO
17,Litecoin,LTC,https://www.tradingview.com/symbols/LTCUSD/?exchange=CRYPTO
18,NEAR Protocol,NEAR,https://www.tradingview.com/symbols/NEARUSD/?exchange=CRYPTO
19,Internet Computer,ICP,https://www.tradingview.com/symbols/ICPUSD/?exchange=CRYPTO
20,UNUS SED LEO,LEO,https://www.tradingview.com/symbols/LEOUSD/?exchange=CRYPTO
21,Dai,DAI,https://www.tradingview.com/symbols/DAIUSD/?exchange=CRYPTO
22,Uniswap,UNI,https://www.tradingview.com/symbols/UNIUSD/?exchange=CRYPTO
23,Aptos,APT,https://www.tradingview.com/symbols/APTOUSD/?exchange=CRYPTO
24,First Digital USD,FDUSD,https://www.tradingview.com/symbols/FDUSDUSD/?exchange=CRYPTO
25,Ethereum Classic,ETC,https://www.tradingview.com/symbols/ETCUSD/?exchange=CRYPTO
26,Mantle,MNT,https://www.tradingview.com/symbols/MNTUSD/?exchange=CRYPTO
27,OKB,OKB,https://www.tradingview.com/symbols/OKBUSD/?exchange=CRYPTO
28,Stacks,STX,https://www.tradingview.com/symbols/STXSUSD/?exchange=CRYPTO
29,Cronos,CRO,https://www.tradingview.com/symbols/CROUSD/?exchange=CRYPTO
30,Cosmos,ATOM,https://www.tradingview.com/symbols/ATOMUSD/?exchange=CRYPTO
31,Filecoin,FIL,https://www.tradingview.com/symbols/FILUSD/?exchange=CRYPTO
32,Stellar,XLM,https://www.tradingview.com/symbols/XLMUSD/?exchange=CRYPTO
33,Bittensor,TAO,https://www.tradingview.com/symbols/TAOBUSD/?exchange=CRYPTO
34,Render Token,RNDR,https://www.tradingview.com/symbols/RNDRUSD/?exchange=CRYPTO
35,Arbitrum,ARB,https://www.tradingview.com/symbols/ARBIUSD/?exchange=CRYPTO
36,Maker,MKR,https://www.tradingview.com/symbols/MKRUSD/?exchange=CRYPTO
37,Hedera,HBAR,https://www.tradingview.com/symbols/HBARUSD/?exchange=CRYPTO
38,VeChain,VET,https://www.tradingview.com/symbols/VETUSD/?exchange=CRYPTO
39,Kaspa,KAS,https://www.tradingview.com/symbols/KASUSD/?exchange=CRYPTO
40,Immutable X,IMX,https://www.tradingview.com/symbols/IMXUSD/?exchange=CRYPTO
41,Injective,INJ,https://www.tradingview.com/symbols/INJUSD/?exchange=CRYPTO
42,dogwifhat,WIF,https://www.tradingview.com/symbols/WIFUSD/?exchange=CRYPTO
43,The Graph,GRT,https://www.tradingview.com/symbols/GRTUSD/?exchange=CRYPTO
44,Optimism,OP,https://www.tradingview.com/symbols/OPUSD/?exchange=CRYPTO
45,Monero,XMR,https://www.tradingview.com/symbols/XMRUSD/?exchange=CRYPTO
46,Pepe,PEPE,https://www.tradingview.com/symbols/PEPEUSD/?exchange=CRYPTO
47,Theta Network,THETA,https://www.tradingview.com/symbols/THETAUSD/?exchange=CRYPTO
48,Core,CORE,https://www.tradingview.com/symbols/COREDUSD/?exchange=CRYPTO
49,Fantom,FTM,https://www.tradingview.com/symbols/FTMUSD/?exchange=CRYPTO
50,Celestia,TIA,https://www.tradingview.com/symbols/TIA2USD/?exchange=CRYPTO
51,Bitget Token,BGB,https://www.tradingview.com/symbols/BGBUSD/?exchange=CRYPTO
52,Lido DAO,LDO,https://www.tradingview.com/symbols/LDOUSD/?exchange=CRYPTO
53,Sui,SUI,https://www.tradingview.com/symbols/SUIUSD/?exchange=CRYPTO
54,Fetch.ai,FET,https://www.tradingview.com/symbols/FETUSD/?exchange=CRYPTO
55,Arweave,AR,https://www.tradingview.com/symbols/ARUSD/?exchange=CRYPTO
56,THORChain,RUNE,https://www.tradingview.com/symbols/RUNEUSD/?exchange=CRYPTO
57,Pendle,PENDLE,https://www.tradingview.com/symbols/PENDLEUSD/?exchange=CRYPTO
58,Sei,SEI,https://www.tradingview.com/symbols/SEIUSD/?exchange=CRYPTO
59,Beam,BEAM,https://www.tradingview.com/symbols/BEAM2USD/?exchange=CRYPTO
60,Algorand,ALGO,https://www.tradingview.com/symbols/ALGOUSD/?exchange=CRYPTO
61,Ethena,ENA,https://www.tradingview.com/symbols/ENAUSD/?exchange=CRYPTO
62,Jupiter,JUP,https://www.tradingview.com/symbols/JUPIUSD/?exchange=CRYPTO
63,Floki Inu,FLOKI,https://www.tradingview.com/symbols/FLOKIUSD/?exchange=CRYPTO
64,Bitcoin SV,BSV,https://www.tradingview.com/symbols/BSVUSD/?exchange=CRYPTO
65,Flow,FLOW,https://www.tradingview.com/symbols/FLOWUSD/?exchange=CRYPTO
66,Neo,NEO,https://www.tradingview.com/symbols/NEOUSD/?exchange=CRYPTO
67,Aave,AAVE,https://www.tradingview.com/symbols/AAVEUSD/?exchange=CRYPTO
68,FLARE,FLR,https://www.tradingview.com/symbols/FLRUSD/?exchange=CRYPTO
69,Gala,GALA,https://www.tradingview.com/symbols/GALAUSD/?exchange=CRYPTO
70,Quant,QNT,https://www.tradingview.com/symbols/QNTUSD/?exchange=CRYPTO
71,BitTorrent-New,BTT,https://www.tradingview.com/symbols/BTTUSD/?exchange=CRYPTO
72,Ondo,ONDO,https://www.tradingview.com/symbols/ONDOUSD/?exchange=CRYPTO
73,MultiversX,EGLD,https://www.tradingview.com/symbols/EGLDUSD/?exchange=CRYPTO
74,SingularityNET,AGIX,https://www.tradingview.com/symbols/AGIXUSD/?exchange=CRYPTO
75,Wormhole,W,https://www.tradingview.com/symbols/WUSD/?exchange=CRYPTO
76,Axie Infinity,AXS,https://www.tradingview.com/symbols/AXSUSD/?exchange=CRYPTO
77,eCash,XEC,https://www.tradingview.com/symbols/XECUSD/?exchange=CRYPTO
78,Ronin,RON,https://www.tradingview.com/symbols/RONUSD/?exchange=CRYPTO
79,Chiliz,CHZ,https://www.tradingview.com/symbols/CHZUSD/?exchange=CRYPTO
80,The Sandbox,SAND,https://www.tradingview.com/symbols/SANDUSD/?exchange=CRYPTO
81,Tezos,XTZ,https://www.tradingview.com/symbols/XTZUSD/?exchange=CRYPTO
82,Worldcoin,WLD,https://www.tradingview.com/symbols/WLDWUSD/?exchange=CRYPTO
83,Nervos Network,CKB,https://www.tradingview.com/symbols/CKBUSD/?exchange=CRYPTO
84,Bonk,BONK,https://www.tradingview.com/symbols/BONKUSD/?exchange=CRYPTO
85,Synthetix,SNX,https://www.tradingview.com/symbols/SNXUSD/?exchange=CRYPTO
86,Conflux,CFX,https://www.tradingview.com/symbols/CFXUSD/?exchange=CRYPTO
87,Starknet Token,STRK,https://www.tradingview.com/symbols/STRKSUSD/?exchange=CRYPTO
88,ORDI,ORDI,https://www.tradingview.com/symbols/ORDIUSD/?exchange=CRYPTO
89,Pyth Network,PYTH,https://www.tradingview.com/symbols/PYTHUSD/?exchange=CRYPTO
90,JasmyCoin,JASMY,https://www.tradingview.com/symbols/JASMYUSD/?exchange=CRYPTO
91,Gnosis,GNO,https://www.tradingview.com/symbols/GNOUSD/?exchange=CRYPTO
92,Mina,MINA,https://www.tradingview.com/symbols/MINAUSD/?exchange=CRYPTO
93,Akash Network,AKT,https://www.tradingview.com/symbols/AKTUSD/?exchange=CRYPTO
94,EOS,EOS,https://www.tradingview.com/symbols/EOSUSD/?exchange=CRYPTO
95,Decentraland,MANA,https://www.tradingview.com/symbols/MANAUSD/?exchange=CRYPTO
96,KuCoin Token,KCS,https://www.tradingview.com/symbols/KCSUSD/?exchange=CRYPTO
97,AIOZ Network,AIOZ,https://www.tradingview.com/symbols/AIOZUSD/?exchange=CRYPTO
98,Axelar,AXL,https://www.tradingview.com/symbols/AXLUSD/?exchange=CRYPTO
99,ApeCoin,APE,https://www.tradingview.com/symbols/APEUSD/?exchange=CRYPTO
100,USDD,USDD,https://www.tradingview.com/symbols/USDDUSD/?exchange=CRYPTO
101,Kava,KAVA,https://www.tradingview.com/symbols/KAVAUSD/?exchange=CRYPTO
102,IOTA,MIOTA,https://www.tradingview.com/symbols/MIOTAUSD/?exchange=CRYPTO
103,Nexo,NEXO,https://www.tradingview.com/symbols/NEXOUSD/?exchange=CRYPTO
104,Helium,HNT,https://www.tradingview.com/symbols/HNTUSD/?exchange=CRYPTO
105,PancakeSwap,CAKE,https://www.tradingview.com/symbols/CAKEUSD/?exchange=CRYPTO
106,Klaytn,KLAY,https://www.tradingview.com/symbols/KLAYUSD/?exchange=CRYPTO
107,GateToken,GT,https://www.tradingview.com/symbols/GTUSD/?exchange=CRYPTO
108,Echelon Prime,PRIME,https://www.tradingview.com/symbols/PRIMEEUSD/?exchange=CRYPTO
109,Oasis Network,ROSE,https://www.tradingview.com/symbols/ROSEUSD/?exchange=CRYPTO
110,Osmosis,OSMO,https://www.tradingview.com/symbols/OSMOUSD/?exchange=CRYPTO
111,Ribbon Finance,RBN,https://www.tradingview.com/symbols/RBNUSD/?exchange=CRYPTO
112,Blur,BLUR,https://www.tradingview.com/symbols/BLURUSD/?exchange=CRYPTO
113,Tether Gold,XAUT,https://www.tradingview.com/symbols/XAUTUSD/?exchange=CRYPTO
114,Terra Classic,LUNC,https://www.tradingview.com/symbols/LUNCUSD/?exchange=CRYPTO
115,dYdX (ethDYDX),DYDX,https://www.tradingview.com/symbols/DYDXUSD/?exchange=CRYPTO
116,MANTRA,OM,https://www.tradingview.com/symbols/OMUSD/?exchange=CRYPTO
117,Bitcoin Gold,BTG,https://www.tradingview.com/symbols/BTGUSD/?exchange=CRYPTO
118,Radix,XRD,https://www.tradingview.com/symbols/XRDUSD/?exchange=CRYPTO
119,Astar,ASTR,https://www.tradingview.com/symbols/ASTRUSD/?exchange=CRYPTO
120,1000SATS,1000SATS,https://www.tradingview.com/symbols/1000SATSUSD/?exchange=CRYPTO
121,Dymension,DYM,https://www.tradingview.com/symbols/DYMUSD/?exchange=CRYPTO
122,MX TOKEN,MX,https://www.tradingview.com/symbols/MXUSD/?exchange=CRYPTO
123,Theta Fuel,TFUEL,https://www.tradingview.com/symbols/TFUELUSD/?exchange=CRYPTO
124,BOOK OF MEME,BOME,https://www.tradingview.com/symbols/BOMEUSD/?exchange=CRYPTO
125,WOO Network,WOO,https://www.tradingview.com/symbols/WOOUSD/?exchange=CRYPTO
126,WEMIX,WEMIX,https://www.tradingview.com/symbols/WEMIXUSD/?exchange=CRYPTO
127,TrueUSD,TUSD,https://www.tradingview.com/symbols/TUSDUSD/?exchange=CRYPTO
128,cat in a dogs world,MEW,https://www.tradingview.com/symbols/MEWUSD/?exchange=CRYPTO
129,XDC Network,XDC,https://www.tradingview.com/symbols/XDCUSD/?exchange=CRYPTO
130,Curve DAO Token,CRV,https://www.tradingview.com/symbols/CRVUSD/?exchange=CRYPTO
131,IoTeX,IOTX,https://www.tradingview.com/symbols/IOTXUSD/?exchange=CRYPTO
132,SKALE,SKL,https://www.tradingview.com/symbols/SKLUSD/?exchange=CRYPTO
133,Manta Network,MANTA,https://www.tradingview.com/symbols/MANTAUSD/?exchange=CRYPTO
134,Ocean Protocol,OCEAN,https://www.tradingview.com/symbols/OCEANUSD/?exchange=CRYPTO
135,SuperVerse,SUPER,https://www.tradingview.com/symbols/SUPERUSD/?exchange=CRYPTO
136,STEPN,GMT,https://www.tradingview.com/symbols/GMTUSD/?exchange=CRYPTO
137,APENFT,NFT,https://www.tradingview.com/symbols/NFTUSD/?exchange=CRYPTO
138,PAX Gold,PAXG,https://www.tradingview.com/symbols/PAXGUSD/?exchange=CRYPTO
139,Lido Staked ETH,STETH,https://www.tradingview.com/symbols/STETHUSD/?exchange=CRYPTO
140,Wrapped Bitcoin,WBTC,https://www.tradingview.com/symbols/WBTCUSD/?exchange=CRYPTO
141,Wrapped Beacon ETH,WBETH,https://www.tradingview.com/symbols/WBETHUSD/?exchange=CRYPTO
142,Wrapped eETH,WEETH,https://www.tradingview.com/symbols/WEETHUSD/?exchange=CRYPTO
143,BitDAO,BIT,https://www.tradingview.com/symbols/BITDUSD/?exchange=CRYPTO
144,Cheelee,CHEEL,https://www.tradingview.com/symbols/CHEELUSD/?exchange=CRYPTO
145,Marinade Staked SOL,MSOL,https://www.tradingview.com/symbols/MSOLUSD/?exchange=CRYPTO
146,Merit Circle,MC,https://www.tradingview.com/symbols/MCUSD/?exchange=CRYPTO
147,Frax,FRAX,https://www.tradingview.com/symbols/FRAXUSD/?exchange=CRYPTO
148,Fasttoken,FTN,https://www.tradingview.com/symbols/FTNUSD/?exchange=CRYPTO
149,1inch Network,1INCH,https://www.tradingview.com/symbols/1INCHUSD/?exchange=CRYPTO
150,DeXe,DEXE,https://www.tradingview.com/symbols/DEXEUSD/?exchange=CRYPTO
151,Enjin Coin,ENJ,https://www.tradingview.com/symbols/ENJUSD/?exchange=CRYPTO
152,Terra,LUNA,https://www.tradingview.com/symbols/LUNAUSD/?exchange=CRYPTO
153,Ankr,ANKR,https://www.tradingview.com/symbols/ANKRUSD/?exchange=CRYPTO
154,Compound,COMP,https://www.tradingview.com/symbols/COMPUSD/?exchange=CRYPTO
155,Trust Wallet Token,TWT,https://www.tradingview.com/symbols/TWTUSD/?exchange=CRYPTO
156,ether.fi,ETHFI,https://www.tradingview.com/symbols/ETHFIUSD/?exchange=CRYPTO
157,0x,ZRX,https://www.tradingview.com/symbols/ZRXUSD/?exchange=CRYPTO
158,AltLayer,ALT,https://www.tradingview.com/symbols/ALTLUSD/?exchange=CRYPTO
159,Ethereum Name Service,ENS,https://www.tradingview.com/symbols/ENSUSD/?exchange=CRYPTO
160,Celo,CELO,https://www.tradingview.com/symbols/CELOUSD/?exchange=CRYPTO
161,Zilliqa,ZIL,https://www.tradingview.com/symbols/ZILUSD/?exchange=CRYPTO
162,FTX Token,FTT,https://www.tradingview.com/symbols/FTTUSD/?exchange=CRYPTO
163,aelf,ELF,https://www.tradingview.com/symbols/ELFUSD/?exchange=CRYPTO
164,EthereumPoW,ETHW,https://www.tradingview.com/symbols/ETHWUSD/?exchange=CRYPTO
165,Rocket Pool,RPL,https://www.tradingview.com/symbols/RPLUSD/?exchange=CRYPTO
166,Qtum,QTUM,https://www.tradingview.com/symbols/QTUMUSD/?exchange=CRYPTO
167,Ravencoin,RVN,https://www.tradingview.com/symbols/RVNUSD/?exchange=CRYPTO
168,Siacoin,SC,https://www.tradingview.com/symbols/SCUSD/?exchange=CRYPTO
169,Raydium,RAY,https://www.tradingview.com/symbols/RAYUSD/?exchange=CRYPTO
170,Galxe,GAL,https://www.tradingview.com/symbols/GALUSD/?exchange=CRYPTO
171,Frax Share,FXS,https://www.tradingview.com/symbols/FXSUSD/?exchange=CRYPTO
172,Holo,HOT,https://www.tradingview.com/symbols/HOTUSD/?exchange=CRYPTO
173,SPACE ID,ID,https://www.tradingview.com/symbols/IDUSD/?exchange=CRYPTO
174,Polymesh,POLYX,https://www.tradingview.com/symbols/POLYXUSD/?exchange=CRYPTO
175,Biconomy,BICO,https://www.tradingview.com/symbols/BICOUSD/?exchange=CRYPTO
176,OriginTrail,TRAC,https://www.tradingview.com/symbols/TRACUSD/?exchange=CRYPTO
177,Degen,DEGEN,https://www.tradingview.com/symbols/DEGEN4USD/?exchange=CRYPTO
178,Livepeer,LPT,https://www.tradingview.com/symbols/LPTUSD/?exchange=CRYPTO
179,SafePal,SFP,https://www.tradingview.com/symbols/SFPUSD/?exchange=CRYPTO
180,Orbler,ORBR,https://www.tradingview.com/symbols/ORBRUSD/?exchange=CRYPTO
181,ssv.network,SSV,https://www.tradingview.com/symbols/SSVUSD/?exchange=CRYPTO
182,Casper,CSPR,https://www.tradingview.com/symbols/CSPRUSD/?exchange=CRYPTO
183,Basic Attention Token,BAT,https://www.tradingview.com/symbols/BATUSD/?exchange=CRYPTO
184,Golem,GLM,https://www.tradingview.com/symbols/GLMUSD/?exchange=CRYPTO
185,Aragon,ANT,https://www.tradingview.com/symbols/ANTUSD/?exchange=CRYPTO
186,Zcash,ZEC,https://www.tradingview.com/symbols/ZECUSD/?exchange=CRYPTO
187,Centrifuge,CFG,https://www.tradingview.com/symbols/CFGUSD/?exchange=CRYPTO
188,Gas,GAS,https://www.tradingview.com/symbols/GASUSD/?exchange=CRYPTO
189,Loopring,LRC,https://www.tradingview.com/symbols/LRCUSD/?exchange=CRYPTO
190,Illuvium,ILV,https://www.tradingview.com/symbols/ILVUSD/?exchange=CRYPTO
191,Dash,DASH,https://www.tradingview.com/symbols/DASHUSD/?exchange=CRYPTO
192,JITO,JTO,https://www.tradingview.com/symbols/JTOUSD/?exchange=CRYPTO
193,Decred,DCR,https://www.tradingview.com/symbols/DCRUSD/?exchange=CRYPTO
194,Amp,AMP,https://www.tradingview.com/symbols/AMP2USD/?exchange=CRYPTO
195,Threshold,T,https://www.tradingview.com/symbols/TUSD/?exchange=CRYPTO
196,Metis,METIS,https://www.tradingview.com/symbols/METISUSD/?exchange=CRYPTO
197,NEM,XEM,https://www.tradingview.com/symbols/XEMUSD/?exchange=CRYPTO
198,Mask Network,MASK,https://www.tradingview.com/symbols/MASKUSD/?exchange=CRYPTO
199,Arkham,ARKM,https://www.tradingview.com/symbols/ARKMUSD/?exchange=CRYPTO
200,Memecoin,MEME,https://www.tradingview.com/symbols/MEMECOUSD/?exchange=CRYPTO
201,ZetaChain,ZETA,https://www.tradingview.com/symbols/ZETACUSD/?exchange=CRYPTO
202,Chia,XCH,https://www.tradingview.com/symbols/XCHUSD/?exchange=CRYPTO
203,PAAL AI,PAAL,https://www.tradingview.com/symbols/PAALUSD/?exchange=CRYPTO
204,Pixels,PIXEL,https://www.tradingview.com/symbols/PIXELSUSD/?exchange=CRYPTO
205,Flux,FLUX,https://www.tradingview.com/symbols/FLUX2USD/?exchange=CRYPTO
206,Yield Guild Games,YGG,https://www.tradingview.com/symbols/YGGUSD/?exchange=CRYPTO
207,Reserve Rights,RSR,https://www.tradingview.com/symbols/RSRUSD/?exchange=CRYPTO
208,Waves,WAVES,https://www.tradingview.com/symbols/WAVESUSD/?exchange=CRYPTO
209,JUST,JST,https://www.tradingview.com/symbols/JSTUSD/?exchange=CRYPTO
210,HEX,HEX,https://www.tradingview.com/symbols/HEXUSD/?exchange=CRYPTO
211,Harmony,ONE,https://www.tradingview.com/symbols/ONEUSD/?exchange=CRYPTO
212,GMX,GMX,https://www.tradingview.com/symbols/GMXUSD/?exchange=CRYPTO
213,Ontology,ONT,https://www.tradingview.com/symbols/ONTUSD/?exchange=CRYPTO
214,Kusama,KSM,https://www.tradingview.com/symbols/KSMUSD/?exchange=CRYPTO
215,Moonbeam,GLMR,https://www.tradingview.com/symbols/GLMRUSD/?exchange=CRYPTO
216,Propy,PRO,https://www.tradingview.com/symbols/PROUSD/?exchange=CRYPTO
217,Telcoin,TEL,https://www.tradingview.com/symbols/TELUSD/?exchange=CRYPTO
218,Pocket Network,POKT,https://www.tradingview.com/symbols/POKTUSD/?exchange=CRYPTO
219,BinaryX,BNX,https://www.tradingview.com/symbols/BNXBUSD/?exchange=CRYPTO
220,Tribe,TRIBE,https://www.tradingview.com/symbols/TRIBEUSD/?exchange=CRYPTO
221,0x0.ai: AI Smart Contract,0X0,https://www.tradingview.com/symbols/0X0USD/?exchange=CRYPTO
222,Convex Finance,CVX,https://www.tradingview.com/symbols/CVXUSD/?exchange=CRYPTO
223,VeThor Token,VTHO,https://www.tradingview.com/symbols/VTHOUSD/?exchange=CRYPTO
224,Chromia,CHR,https://www.tradingview.com/symbols/CHRUSD/?exchange=CRYPTO
225,Beldex,BDX,https://www.tradingview.com/symbols/BDXUSD/?exchange=CRYPTO
226,Kadena,KDA,https://www.tradingview.com/symbols/KDAUSD/?exchange=CRYPTO
227,Baby Doge Coin,BABYDOGE,https://www.tradingview.com/symbols/BABYDOGEUSD/?exchange=CRYPTO
228,yearn.finance,YFI,https://www.tradingview.com/symbols/YFIUSD/?exchange=CRYPTO
229,SushiSwap,SUSHI,https://www.tradingview.com/symbols/SUSHIUSD/?exchange=CRYPTO
230,ICON,ICX,https://www.tradingview.com/symbols/ICXUSD/?exchange=CRYPTO
231,WAX,WAXP,https://www.tradingview.com/symbols/WAXPUSD/?exchange=CRYPTO
232,Wilder World,WILD,https://www.tradingview.com/symbols/WILDUSD/?exchange=CRYPTO
233,Aleph Zero,AZERO,https://www.tradingview.com/symbols/AZEROUSD/?exchange=CRYPTO
234,Alchemy Pay,ACH,https://www.tradingview.com/symbols/ACHUSD/?exchange=CRYPTO
235,ATOR Protocol,ATOR,https://www.tradingview.com/symbols/ATORUSD/?exchange=CRYPTO
236,Decentralized Social,DESO,https://www.tradingview.com/symbols/DESOUSD/?exchange=CRYPTO
237,Storj,STORJ,https://www.tradingview.com/symbols/STORJUSD/?exchange=CRYPTO
238,Audius,AUDIO,https://www.tradingview.com/symbols/AUDIOUSD/?exchange=CRYPTO
239,Balancer,BAL,https://www.tradingview.com/symbols/BALUSD/?exchange=CRYPTO
240,Creditcoin,CTC,https://www.tradingview.com/symbols/CTCUSD/?exchange=CRYPTO
241,LCX,LCX,https://www.tradingview.com/symbols/LCXUSD/?exchange=CRYPTO
242,DigiByte,DGB,https://www.tradingview.com/symbols/DGBUSD/?exchange=CRYPTO
243,UMA,UMA,https://www.tradingview.com/symbols/UMAUSD/?exchange=CRYPTO
244,Kujira,KUJI,https://www.tradingview.com/symbols/KUJIUSD/?exchange=CRYPTO
245,SLERF,SLERF,https://www.tradingview.com/symbols/SLERFUSD/?exchange=CRYPTO
246,PayPal USD,PYUSD,https://www.tradingview.com/symbols/PYUSDUSD/?exchange=CRYPTO
247,Band Protocol,BAND,https://www.tradingview.com/symbols/BANDUSD/?exchange=CRYPTO
248,MAGIC,MAGIC,https://www.tradingview.com/symbols/MAGICUSD/?exchange=CRYPTO
249,SXP,SXP,https://www.tradingview.com/symbols/SXPUSD/?exchange=CRYPTO
250,Coin98,C98,https://www.tradingview.com/symbols/C98USD/?exchange=CRYPTO
251,Ontology Gas,ONG,https://www.tradingview.com/symbols/ONGUSD/?exchange=CRYPTO
252,FINSCHIA,FNSA,https://www.tradingview.com/symbols/FNSAUSD/?exchange=CRYPTO
253,API3,API3,https://www.tradingview.com/symbols/API3USD/?exchange=CRYPTO
254,RSS3,RSS3,https://www.tradingview.com/symbols/RSS3USD/?exchange=CRYPTO
255,RSK Infrastructure Framework,RIF,https://www.tradingview.com/symbols/RIFUSD/?exchange=CRYPTO
256,Neutron,NTRN,https://www.tradingview.com/symbols/NTRNNUSD/?exchange=CRYPTO
257,IOST,IOST,https://www.tradingview.com/symbols/IOSTUSD/?exchange=CRYPTO
258,Xai,XAI,https://www.tradingview.com/symbols/XAI7USD/?exchange=CRYPTO
259,Celer Network,CELR,https://www.tradingview.com/symbols/CELRUSD/?exchange=CRYPTO
260,GuildFi,GF,https://www.tradingview.com/symbols/GFUSD/?exchange=CRYPTO
261,Lisk,LSK,https://www.tradingview.com/symbols/LSKUSD/?exchange=CRYPTO
262,JOE,JOE,https://www.tradingview.com/symbols/JOEUSD/?exchange=CRYPTO
263,ALEX Lab,ALEX,https://www.tradingview.com/symbols/ALEXUSD/?exchange=CRYPTO
264,Braintrust,BTRST,https://www.tradingview.com/symbols/BTRSTUSD/?exchange=CRYPTO
265,Vanar Chain,VANRY,https://www.tradingview.com/symbols/VANRYUSD/?exchange=CRYPTO
266,MOG Coin,MOG,https://www.tradingview.com/symbols/MOGUSD/?exchange=CRYPTO
267,VVS Finance,VVS,https://www.tradingview.com/symbols/VVSUSD/?exchange=CRYPTO
268,Synapse,SYN,https://www.tradingview.com/symbols/SYNUSD/?exchange=CRYPTO
269,Helium Mobile,MOBILE,https://www.tradingview.com/symbols/MOBILEUSD/?exchange=CRYPTO
270,Seedify.fund,SFUND,https://www.tradingview.com/symbols/SFUNDUSD/?exchange=CRYPTO
271,Marlin,POND,https://www.tradingview.com/symbols/PONDUSD/?exchange=CRYPTO
272,Aevo,AEVO,https://www.tradingview.com/symbols/AEVOUSD/?exchange=CRYPTO
273,USDJ,USDJ,https://www.tradingview.com/symbols/USDJUSD/?exchange=CRYPTO
274,Delysium,AGI,https://www.tradingview.com/symbols/AGIUSD/?exchange=CRYPTO
275,iExec RLC,RLC,https://www.tradingview.com/symbols/RLCUSD/?exchange=CRYPTO
276,Prom,PROM,https://www.tradingview.com/symbols/PROMUSD/?exchange=CRYPTO
277,Guild of Guardians,GOG,https://www.tradingview.com/symbols/GOGUSD/?exchange=CRYPTO
278,Coq Inu,COQ,https://www.tradingview.com/symbols/COQUSD/?exchange=CRYPTO
279,COTI,COTI,https://www.tradingview.com/symbols/COTIUSD/?exchange=CRYPTO
280,Syscoin,SYS,https://www.tradingview.com/symbols/SYSUSD/?exchange=CRYPTO
281,CyberConnect,CYBER,https://www.tradingview.com/symbols/CYBERCUSD/?exchange=CRYPTO
282,DAO Maker,DAO,https://www.tradingview.com/symbols/DAOUSD/?exchange=CRYPTO
283,Open Campus,EDU,https://www.tradingview.com/symbols/EDUOUSD/?exchange=CRYPTO
284,Portal,PORTAL,https://www.tradingview.com/symbols/PORTAL3USD/?exchange=CRYPTO
285,Smooth Love Potion,SLP,https://www.tradingview.com/symbols/SLPUSD/?exchange=CRYPTO
286,Civic,CVC,https://www.tradingview.com/symbols/CVCUSD/?exchange=CRYPTO
287,Bluzelle,BLZ,https://www.tradingview.com/symbols/BLZUSD/?exchange=CRYPTO
288,Syntropy,NOIA,https://www.tradingview.com/symbols/NOIAUSD/?exchange=CRYPTO
289,Covalent,CQT,https://www.tradingview.com/symbols/CQTUSD/?exchange=CRYPTO
290,IQ,IQ,https://www.tradingview.com/symbols/IQUSD/?exchange=CRYPTO
291,Stratis [New],STRAX,https://www.tradingview.com/symbols/STRAXUSD/?exchange=CRYPTO
292,H2O DAO,H2O,https://www.tradingview.com/symbols/H2OUSD/?exchange=CRYPTO
293,Venus,XVS,https://www.tradingview.com/symbols/XVSUSD/?exchange=CRYPTO
294,Hive,HIVE,https://www.tradingview.com/symbols/HIVEUSD/?exchange=CRYPTO
295,Zebec Protocol,ZBC,https://www.tradingview.com/symbols/ZBCUSD/?exchange=CRYPTO
296,TerraClassicUSD,USTC,https://www.tradingview.com/symbols/USTCUSD/?exchange=CRYPTO
297,BORA,BORA,https://www.tradingview.com/symbols/BORAUSD/?exchange=CRYPTO
298,Cartesi,CTSI,https://www.tradingview.com/symbols/CTSIUSD/?exchange=CRYPTO
299,Numeraire,NMR,https://www.tradingview.com/symbols/NMRUSD/?exchange=CRYPTO
300,Big Time,BIGTIME,https://www.tradingview.com/symbols/BIGTIMEUSD/?exchange=CRYPTO
301,Dusk Network,DUSK,https://www.tradingview.com/symbols/DUSKUSD/?exchange=CRYPTO
302,Powerledger,POWR,https://www.tradingview.com/symbols/POWRUSD/?exchange=CRYPTO
303,Keep Network,KEEP,https://www.tradingview.com/symbols/KEEPUSD/?exchange=CRYPTO
304,Wen,WEN,https://www.tradingview.com/symbols/WEN2USD/?exchange=CRYPTO
305,Status,SNT,https://www.tradingview.com/symbols/SNTUSD/?exchange=CRYPTO
306,World Mobile Token,WMT,https://www.tradingview.com/symbols/WMTUSD/?exchange=CRYPTO
307,Pax Dollar,USDP,https://www.tradingview.com/symbols/USDPUSD/?exchange=CRYPTO
308,Multibit,MUBI,https://www.tradingview.com/symbols/MUBIUSD/?exchange=CRYPTO
309,Pundi X (New),PUNDIX,https://www.tradingview.com/symbols/PUNDIXUSD/?exchange=CRYPTO
310,Phala Network,PHA,https://www.tradingview.com/symbols/PHAUSD/?exchange=CRYPTO
311,Bone ShibaSwap,BONE,https://www.tradingview.com/symbols/BONEUSD/?exchange=CRYPTO
312,Nano,XNO,https://www.tradingview.com/symbols/XNONUSD/?exchange=CRYPTO
313,Gomining,GMT,https://www.tradingview.com/symbols/GMTTUSD/?exchange=CRYPTO
314,Myro,MYRO,https://www.tradingview.com/symbols/MYROUSD/?exchange=CRYPTO
315,Tellor,TRB,https://www.tradingview.com/symbols/TRBUSD/?exchange=CRYPTO
316,Oraichain,ORAI,https://www.tradingview.com/symbols/ORAIUSD/?exchange=CRYPTO
317,Vulcan Forged PYR,PYR,https://www.tradingview.com/symbols/PYRUSD/?exchange=CRYPTO
318,Symbol,XYM,https://www.tradingview.com/symbols/XYMUSD/?exchange=CRYPTO
319,Sun (New),SUN,https://www.tradingview.com/symbols/SUNUSD/?exchange=CRYPTO
320,TrueFi,TRU,https://www.tradingview.com/symbols/TRUUSD/?exchange=CRYPTO
321,Oasys,OAS,https://www.tradingview.com/symbols/OASUSD/?exchange=CRYPTO
322,Constellation,DAG,https://www.tradingview.com/symbols/DAGUSD/?exchange=CRYPTO
323,Sleepless AI,AI,https://www.tradingview.com/symbols/AISLUSD/?exchange=CRYPTO
324,Hooked Protocol,HOOK,https://www.tradingview.com/symbols/HOOKUSD/?exchange=CRYPTO
325,NYM,NYM,https://www.tradingview.com/symbols/NYMUSD/?exchange=CRYPTO
326,Ark,ARK,https://www.tradingview.com/symbols/ARKUSD/?exchange=CRYPTO
327,Dent,DENT,https://www.tradingview.com/symbols/DENTUSD/?exchange=CRYPTO
328,Horizen,ZEN,https://www.tradingview.com/symbols/ZENUSD/?exchange=CRYPTO
329,Nakamoto Games,NAKA,https://www.tradingview.com/symbols/NAKAUSD/?exchange=CRYPTO
330,SmarDex,SDEX,https://www.tradingview.com/symbols/SDEXUSD/?exchange=CRYPTO
331,MVL,MVL,https://www.tradingview.com/symbols/MVLUSD/?exchange=CRYPTO
332,AllianceBlock Nexera,NXRA,https://www.tradingview.com/symbols/NXRAUSD/?exchange=CRYPTO
333,Fusionist,ACE,https://www.tradingview.com/symbols/ACEFUSD/?exchange=CRYPTO
334,Sovryn,SOV,https://www.tradingview.com/symbols/SOVUSD/?exchange=CRYPTO
335,Request,REQ,https://www.tradingview.com/symbols/REQUSD/?exchange=CRYPTO
336,ConstitutionDAO,PEOPLE,https://www.tradingview.com/symbols/PEOPLEUSD/?exchange=CRYPTO
337,Dione Protocol,DIONE,https://www.tradingview.com/symbols/DIONEUSD/?exchange=CRYPTO
338,Orbs,ORBS,https://www.tradingview.com/symbols/ORBSUSD/?exchange=CRYPTO
339,Hashflow,HFT,https://www.tradingview.com/symbols/HFTUSD/?exchange=CRYPTO
340,XYO,XYO,https://www.tradingview.com/symbols/XYOUSD/?exchange=CRYPTO
341,Orca,ORCA,https://www.tradingview.com/symbols/ORCAUSD/?exchange=CRYPTO
342,Gemini Dollar,GUSD,https://www.tradingview.com/symbols/GUSDUSD/?exchange=CRYPTO
343,Myria,MYRIA,https://www.tradingview.com/symbols/MYRIAUSD/?exchange=CRYPTO
344,WINkLink,WIN,https://www.tradingview.com/symbols/WINUSD/?exchange=CRYPTO
345,dKargo,DKA,https://www.tradingview.com/symbols/DKAUSD/?exchange=CRYPTO
346,Steem,STEEM,https://www.tradingview.com/symbols/STEEMUSD/?exchange=CRYPTO
347,Highstreet,HIGH,https://www.tradingview.com/symbols/HIGHUSD/?exchange=CRYPTO
348,LUKSO,LYX,https://www.tradingview.com/symbols/LYXUSD/?exchange=CRYPTO
349,Secret,SCRT,https://www.tradingview.com/symbols/SCRTUSD/?exchange=CRYPTO
350,Gains Network,GNS,https://www.tradingview.com/symbols/GNSUSD/?exchange=CRYPTO
351,MiL.k,MLK,https://www.tradingview.com/symbols/MLKUSD/?exchange=CRYPTO
352,Moonriver,MOVR,https://www.tradingview.com/symbols/MOVRUSD/?exchange=CRYPTO
353,Aurora,AURORA,https://www.tradingview.com/symbols/AURORAUSD/?exchange=CRYPTO
354,Telos,TLOS,https://www.tradingview.com/symbols/TLOSUSD/?exchange=CRYPTO
355,Dogelon Mars,ELON,https://www.tradingview.com/symbols/ELONUSD/?exchange=CRYPTO
356,Goldfinch,GFI,https://www.tradingview.com/symbols/GFIUSD/?exchange=CRYPTO
357,Kyber Network Crystal v2,KNC,https://www.tradingview.com/symbols/KNCUSD/?exchange=CRYPTO
358,Victoria VR,VR,https://www.tradingview.com/symbols/VRUSD/?exchange=CRYPTO
359,LooksRare,LOOKS,https://www.tradingview.com/symbols/LOOKSUSD/?exchange=CRYPTO
360,Stargate Finance,STG,https://www.tradingview.com/symbols/STGUSD/?exchange=CRYPTO
361,ChainGPT,CGPT,https://www.tradingview.com/symbols/CGPTUSD/?exchange=CRYPTO
362,MAP Protocol,MAP,https://www.tradingview.com/symbols/MAPUSD/?exchange=CRYPTO
363,Aavegotchi,GHST,https://www.tradingview.com/symbols/GHSTUSD/?exchange=CRYPTO
364,Ergo,ERG,https://www.tradingview.com/symbols/ERGUSD/?exchange=CRYPTO
365,Orchid,OXT,https://www.tradingview.com/symbols/OXTUSD/?exchange=CRYPTO
366,Milady Meme Coin,LADYS,https://www.tradingview.com/symbols/LADYSUSD/?exchange=CRYPTO
367,Bounce Finance Governance Token,AUCTION,https://www.tradingview.com/symbols/AUCTIONUSD/?exchange=CRYPTO
368,STP,STPT,https://www.tradingview.com/symbols/STPTUSD/?exchange=CRYPTO
369,NFPrompt,NFP,https://www.tradingview.com/symbols/NFPRUSD/?exchange=CRYPTO
370,CUDOS,CUDOS,https://www.tradingview.com/symbols/CUDOSUSD/?exchange=CRYPTO
371,Acala Token,ACA,https://www.tradingview.com/symbols/ACAUSD/?exchange=CRYPTO
372,Tokenlon Network Token,LON,https://www.tradingview.com/symbols/LONUSD/?exchange=CRYPTO
373,Ardor,ARDR,https://www.tradingview.com/symbols/ARDRUSD/?exchange=CRYPTO
374,Huobi Token,HT,https://www.tradingview.com/symbols/HTUSD/?exchange=CRYPTO
375,MediBloc,MED,https://www.tradingview.com/symbols/MEDUSD/?exchange=CRYPTO
376,Metal,MTL,https://www.tradingview.com/symbols/MTLUSD/?exchange=CRYPTO
377,Cream Finance,CREAM,https://www.tradingview.com/symbols/CREAMUSD/?exchange=CRYPTO
378,Hifi Finance (New),HIFI,https://www.tradingview.com/symbols/HIFIUSD/?exchange=CRYPTO
379,Bifrost,BFC,https://www.tradingview.com/symbols/BFCUSD/?exchange=CRYPTO
380,Stella,ALPHA,https://www.tradingview.com/symbols/ALPHAUSD/?exchange=CRYPTO
381,Radiant Capital,RDNT,https://www.tradingview.com/symbols/RDNTUSD/?exchange=CRYPTO
382,Maverick Protocol,MAV,https://www.tradingview.com/symbols/MAVEUSD/?exchange=CRYPTO
383,Liquity,LQTY,https://www.tradingview.com/symbols/LQTYUSD/?exchange=CRYPTO
384,Verge,XVG,https://www.tradingview.com/symbols/XVGUSD/?exchange=CRYPTO
385,MOBOX,MBOX,https://www.tradingview.com/symbols/MBOXUSD/?exchange=CRYPTO
386,DODO,DODO,https://www.tradingview.com/symbols/DODOUSD/?exchange=CRYPTO
387,Loom Network,LOOM,https://www.tradingview.com/symbols/LOOMUSD/?exchange=CRYPTO
388,Shentu,CTK,https://www.tradingview.com/symbols/CTKUSD/?exchange=CRYPTO
389,Bancor,BNT,https://www.tradingview.com/symbols/BNTUSD/?exchange=CRYPTO
390,Rarible,RARI,https://www.tradingview.com/symbols/RARIUSD/?exchange=CRYPTO
391,Ethernity,ERN,https://www.tradingview.com/symbols/ERNUSD/?exchange=CRYPTO
392,MARBLEX,MBX,https://www.tradingview.com/symbols/MBXUSD/?exchange=CRYPTO
393,Spell Token,SPELL,https://www.tradingview.com/symbols/SPELLUSD/?exchange=CRYPTO
394,NKN,NKN,https://www.tradingview.com/symbols/NKNUSD/?exchange=CRYPTO
395,Tokamak Network,TON,https://www.tradingview.com/symbols/TONTUSD/?exchange=CRYPTO
396,Radicle,RAD,https://www.tradingview.com/symbols/RADUSD/?exchange=CRYPTO
397,OMG Network,OMG,https://www.tradingview.com/symbols/OMGUSD/?exchange=CRYPTO
398,Origin Protocol,OGN,https://www.tradingview.com/symbols/OGNUSD/?exchange=CRYPTO
399,LTO Network,LTO,https://www.tradingview.com/symbols/LTOUSD/?exchange=CRYPTO
400,Forta,FORT,https://www.tradingview.com/symbols/FORTUSD/?exchange=CRYPTO
401,Velo,VELO,https://www.tradingview.com/symbols/VELOUSD/?exchange=CRYPTO
402,Heroes of Mavia,MAVIA,https://www.tradingview.com/symbols/MAVIAUSD/?exchange=CRYPTO
403,Access Protocol,ACS,https://www.tradingview.com/symbols/ACSAUSD/?exchange=CRYPTO
404,ARPA Chain,ARPA,https://www.tradingview.com/symbols/ARPAUSD/?exchange=CRYPTO
405,RadioCaca,RACA,https://www.tradingview.com/symbols/RACAUSD/?exchange=CRYPTO
406,Xpla,XPLA,https://www.tradingview.com/symbols/XPLAUSD/?exchange=CRYPTO
407,Phoenix Global (new),PHB,https://www.tradingview.com/symbols/PHBUSD/?exchange=CRYPTO
408,Mines of Dalarnia,DAR,https://www.tradingview.com/symbols/DARUSD/?exchange=CRYPTO
409,Adventure Gold,AGLD,https://www.tradingview.com/symbols/AGLDUSD/?exchange=CRYPTO
410,Trias Token (new),TRIAS,https://www.tradingview.com/symbols/TRIASUSD/?exchange=CRYPTO
411,SuperRare,RARE,https://www.tradingview.com/symbols/RAREUSD/?exchange=CRYPTO
412,Chainge,CHNG,https://www.tradingview.com/symbols/CHNGUSD/?exchange=CRYPTO
413,GameFi.org,GAFI,https://www.tradingview.com/symbols/GAFIUSD/?exchange=CRYPTO
414,Badger DAO,BADGER,https://www.tradingview.com/symbols/BADGERUSD/?exchange=CRYPTO
415,QuarkChain,QKC,https://www.tradingview.com/symbols/QKCUSD/?exchange=CRYPTO
416,WazirX,WRX,https://www.tradingview.com/symbols/WRXUSD/?exchange=CRYPTO
417,MyNeighborAlice,ALICE,https://www.tradingview.com/symbols/ALICEUSD/?exchange=CRYPTO
418,Wrapped NXM,WNXM,https://www.tradingview.com/symbols/WNXMUSD/?exchange=CRYPTO
419,SIDUS,SIDUS,https://www.tradingview.com/symbols/SIDUSUSD/?exchange=CRYPTO
420,Polkastarter,POLS,https://www.tradingview.com/symbols/POLSUSD/?exchange=CRYPTO
421,Everscale,EVER,https://www.tradingview.com/symbols/EVERUSD/?exchange=CRYPTO
422,Gitcoin,GTC,https://www.tradingview.com/symbols/GTCGUSD/?exchange=CRYPTO
423,Star Atlas,ATLAS,https://www.tradingview.com/symbols/ATLASUSD/?exchange=CRYPTO
424,NULS,NULS,https://www.tradingview.com/symbols/NULSUSD/?exchange=CRYPTO
425,MovieBloc,MBL,https://www.tradingview.com/symbols/MBLUSD/?exchange=CRYPTO
426,Alethea Artificial Liquid Intelligence Token,ALI,https://www.tradingview.com/symbols/ALIUSD/?exchange=CRYPTO
427,BENQI,QI,https://www.tradingview.com/symbols/QIUSD/?exchange=CRYPTO
428,ArbDoge AI,AIDOGE,https://www.tradingview.com/symbols/AIDOGEUSD/?exchange=CRYPTO
429,Star Atlas DAO,POLIS,https://www.tradingview.com/symbols/POLISUSD/?exchange=CRYPTO
430,Viction,VIC,https://www.tradingview.com/symbols/VICTUSD/?exchange=CRYPTO
431,StormX,STMX,https://www.tradingview.com/symbols/STMXUSD/?exchange=CRYPTO
432,Maple,MPL,https://www.tradingview.com/symbols/MPLUSD/?exchange=CRYPTO
433,Wirex Token,WXT,https://www.tradingview.com/symbols/WXTUSD/?exchange=CRYPTO
434,LeverFi,LEVER,https://www.tradingview.com/symbols/LEVERUSD/?exchange=CRYPTO
435,HarryPotterObamaSonic10Inu (ERC-20),BITCOIN,https://www.tradingview.com/symbols/BITCOINUSD/?exchange=CRYPTO
436,Frontier,FRONT,https://www.tradingview.com/symbols/FRONTUSD/?exchange=CRYPTO
437,Perpetual Protocol,PERP,https://www.tradingview.com/symbols/PERPUSD/?exchange=CRYPTO
438,BakeryToken,BAKE,https://www.tradingview.com/symbols/BAKEUSD/?exchange=CRYPTO
439,Elastos,ELA,https://www.tradingview.com/symbols/ELAUSD/?exchange=CRYPTO
440,Saitama,SAITAMA,https://www.tradingview.com/symbols/SAITAMAUSD/?exchange=CRYPTO
441,REI Network,REI,https://www.tradingview.com/symbols/REIUSD/?exchange=CRYPTO
442,Metadium,META,https://www.tradingview.com/symbols/METAUSD/?exchange=CRYPTO
443,Cortex,CTXC,https://www.tradingview.com/symbols/CTXCUSD/?exchange=CRYPTO
444,Dimitra,DMTR,https://www.tradingview.com/symbols/DMTRUSD/?exchange=CRYPTO
445,Toko Token,TKO,https://www.tradingview.com/symbols/TKOUSD/?exchange=CRYPTO
446,Boba Network,BOBA,https://www.tradingview.com/symbols/BOBAUSD/?exchange=CRYPTO
447,VAIOT,VAI,https://www.tradingview.com/symbols/VAIOUSD/?exchange=CRYPTO
448,Bitgert,BRISE,https://www.tradingview.com/symbols/BRISEUSD/?exchange=CRYPTO
449,Alien Worlds,TLM,https://www.tradingview.com/symbols/TLMUSD/?exchange=CRYPTO
450,Automata Network,ATA,https://www.tradingview.com/symbols/ATAUSD/?exchange=CRYPTO
451,Ultra,UOS,https://www.tradingview.com/symbols/UOSUSD/?exchange=CRYPTO
452,Cobak Token,CBK,https://www.tradingview.com/symbols/CBKUSD/?exchange=CRYPTO
453,Energy Web Token,EWT,https://www.tradingview.com/symbols/EWTUSD/?exchange=CRYPTO
454,Function X,FX,https://www.tradingview.com/symbols/FXUSD/?exchange=CRYPTO
455,Ampleforth Governance Token,FORTH,https://www.tradingview.com/symbols/FORTHUSD/?exchange=CRYPTO
456,Gods Unchained,GODS,https://www.tradingview.com/symbols/GODSUSD/?exchange=CRYPTO
457,DIMO,DIMO,https://www.tradingview.com/symbols/DIMOUSD/?exchange=CRYPTO
458,Boson Protocol,BOSON,https://www.tradingview.com/symbols/BOSONUSD/?exchange=CRYPTO
459,tomiNet,TOMI,https://www.tradingview.com/symbols/TOMIUSD/?exchange=CRYPTO
460,Rally,RLY,https://www.tradingview.com/symbols/RLYUSD/?exchange=CRYPTO
461,Aergo,AERGO,https://www.tradingview.com/symbols/AERGOUSD/?exchange=CRYPTO
462,DEXTools,DEXT,https://www.tradingview.com/symbols/DEXTUSD/?exchange=CRYPTO
463,Snek,SNEK,https://www.tradingview.com/symbols/SNEKUSD/?exchange=CRYPTO
464,Propchain,PROPC,https://www.tradingview.com/symbols/PROPCUSD/?exchange=CRYPTO
465,Pirate Chain,ARRR,https://www.tradingview.com/symbols/ARRRUSD/?exchange=CRYPTO
466,Ren,REN,https://www.tradingview.com/symbols/RENUSD/?exchange=CRYPTO
467,Sweat Economy,SWEAT,https://www.tradingview.com/symbols/SWEATUSD/?exchange=CRYPTO
468,CLV,CLV,https://www.tradingview.com/symbols/CLVUSD/?exchange=CRYPTO
469,Uquid Coin,UQC,https://www.tradingview.com/symbols/UQCUSD/?exchange=CRYPTO
470,Contentos,COS,https://www.tradingview.com/symbols/COSUSD/?exchange=CRYPTO
471,FUNToken,FUN,https://www.tradingview.com/symbols/FUNUSD/?exchange=CRYPTO
472,MATH,MATH,https://www.tradingview.com/symbols/MATHUSD/?exchange=CRYPTO
473,Beta Finance,BETA,https://www.tradingview.com/symbols/BETAUSD/?exchange=CRYPTO
474,PlatON,LAT,https://www.tradingview.com/symbols/LATUSD/?exchange=CRYPTO
475,Bella Protocol,BEL,https://www.tradingview.com/symbols/BELUSD/?exchange=CRYPTO
476,district0x,DNT,https://www.tradingview.com/symbols/DNTUSD/?exchange=CRYPTO
477,Alchemix,ALCX,https://www.tradingview.com/symbols/ALCXUSD/?exchange=CRYPTO
478,cVault.finance,CORE,https://www.tradingview.com/symbols/COREUSD/?exchange=CRYPTO
479,Carry,CRE,https://www.tradingview.com/symbols/CREUSD/?exchange=CRYPTO
480,Neopin,NPT,https://www.tradingview.com/symbols/NPTUSD/?exchange=CRYPTO
481,Streamr,DATA,https://www.tradingview.com/symbols/DATAUSD/?exchange=CRYPTO
482,Persistence,XPRT,https://www.tradingview.com/symbols/XPRTUSD/?exchange=CRYPTO
483,DeFiChain,DFI,https://www.tradingview.com/symbols/DFIUSD/?exchange=CRYPTO
484,Verasity,VRA,https://www.tradingview.com/symbols/VRAUSD/?exchange=CRYPTO
485,Numbers Protocol,NUM,https://www.tradingview.com/symbols/NUMUSD/?exchange=CRYPTO
486,Enzyme,MLN,https://www.tradingview.com/symbols/MLNUSD/?exchange=CRYPTO
487,Mdex,MDX,https://www.tradingview.com/symbols/MDXUSD/?exchange=CRYPTO
488,Komodo,KMD,https://www.tradingview.com/symbols/KMDUSD/?exchange=CRYPTO
489,Onyxcoin,XCN,https://www.tradingview.com/symbols/XCNUSD/?exchange=CRYPTO
490,Meter Governance,MTRG,https://www.tradingview.com/symbols/MTRGUSD/?exchange=CRYPTO
491,Flamingo,FLM,https://www.tradingview.com/symbols/FLMUSD/?exchange=CRYPTO
492,Measurable Data Token,MDT,https://www.tradingview.com/symbols/MDTUSD/?exchange=CRYPTO
493,Dynex,DNX,https://www.tradingview.com/symbols/DNX2USD/?exchange=CRYPTO
494,Wanchain,WAN,https://www.tradingview.com/symbols/WANUSD/?exchange=CRYPTO
495,Kin,KIN,https://www.tradingview.com/symbols/KINUSD/?exchange=CRYPTO
496,Opulous,OPUL,https://www.tradingview.com/symbols/OPULUSD/?exchange=CRYPTO
497,Harvest Finance,FARM,https://www.tradingview.com/symbols/FARMUSD/?exchange=CRYPTO
498,DIA,DIA,https://www.tradingview.com/symbols/DIAUSD/?exchange=CRYPTO
499,Strike,STRK,https://www.tradingview.com/symbols/STRKUSD/?exchange=CRYPTO
500,SingularityDAO,SDAO,https://www.tradingview.com/symbols/SDAOUSD/?exchange=CRYPTO
501,Games for a living,GFAL,https://www.tradingview.com/symbols/GFALUSD/?exchange=CRYPTO
502,Steem Dollars,SBD,https://www.tradingview.com/symbols/SBDUSD/?exchange=CRYPTO
503,Sologenic,SOLO,https://www.tradingview.com/symbols/SOLOUSD/?exchange=CRYPTO
504,Concordium,CCD,https://www.tradingview.com/symbols/CCDUSD/?exchange=CRYPTO
505,sUSD,SUSD,https://www.tradingview.com/symbols/SUSDUSD/?exchange=CRYPTO
506,Taraxa,TARA,https://www.tradingview.com/symbols/TARAUSD/?exchange=CRYPTO
507,Orion,ORN,https://www.tradingview.com/symbols/ORNUSD/?exchange=CRYPTO
508,Morpheus.Network,MNW,https://www.tradingview.com/symbols/MNWUSD/?exchange=CRYPTO
509,PlayDapp,PLA,https://www.tradingview.com/symbols/PLAYDUSD/?exchange=CRYPTO
510,ThunderCore,TT,https://www.tradingview.com/symbols/TTUSD/?exchange=CRYPTO
511,COMBO,COMBO,https://www.tradingview.com/symbols/COMBO2USD/?exchange=CRYPTO
512,Kwenta,KWENTA,https://www.tradingview.com/symbols/KWENTAUSD/?exchange=CRYPTO
513,Utrust,UTK,https://www.tradingview.com/symbols/UTKUSD/?exchange=CRYPTO
514,CEEK VR,CEEK,https://www.tradingview.com/symbols/CEEKUSD/?exchange=CRYPTO
515,Euro Coin,EUROC,https://www.tradingview.com/symbols/EUROCUSD/?exchange=CRYPTO
516,IDEX,IDEX,https://www.tradingview.com/symbols/IDEXUSD/?exchange=CRYPTO
517,Dego Finance,DEGO,https://www.tradingview.com/symbols/DEGOUSD/?exchange=CRYPTO
518,Linear Finance,LINA,https://www.tradingview.com/symbols/LINAUSD/?exchange=CRYPTO
519,Reef,REEF,https://www.tradingview.com/symbols/REEFUSD/?exchange=CRYPTO
520,ApolloX,APX,https://www.tradingview.com/symbols/APXUSD/?exchange=CRYPTO
521,Groestlcoin,GRS,https://www.tradingview.com/symbols/GRSUSD/?exchange=CRYPTO
522,FirmaChain,FCT2,https://www.tradingview.com/symbols/FCT2USD/?exchange=CRYPTO
523,r/CryptoCurrency Moons,MOON,https://www.tradingview.com/symbols/MOONUSD/?exchange=CRYPTO
524,IRISnet,IRIS,https://www.tradingview.com/symbols/IRISUSD/?exchange=CRYPTO
525,Assemble Protocol,ASM,https://www.tradingview.com/symbols/ASMUSD/?exchange=CRYPTO
526,RichQUACK.com,QUACK,https://www.tradingview.com/symbols/QUACKUSD/?exchange=CRYPTO
527,PLANET,PLANET,https://www.tradingview.com/symbols/PLANETUSD/?exchange=CRYPTO
528,Doge Killer,LEASH,https://www.tradingview.com/symbols/LEASHUSD/?exchange=CRYPTO
529,League of Kingdoms Arena,LOKA,https://www.tradingview.com/symbols/LOKAUSD/?exchange=CRYPTO
530,Circuits of Value,COVAL,https://www.tradingview.com/symbols/COVALUSD/?exchange=CRYPTO
531,Vega Protocol,VEGA,https://www.tradingview.com/symbols/VEGAUSD/?exchange=CRYPTO
532,Kishu Inu,KISHU,https://www.tradingview.com/symbols/KISHUUSD/?exchange=CRYPTO
533,Green Satoshi Token (SOL),GST,https://www.tradingview.com/symbols/GSTGUSD/?exchange=CRYPTO
534,Quickswap[New],QUICK,https://www.tradingview.com/symbols/QUICKSUSD/?exchange=CRYPTO
535,Router Protocol,ROUTE,https://www.tradingview.com/symbols/ROUTEUSD/?exchange=CRYPTO
536,Voxies,VOXEL,https://www.tradingview.com/symbols/VOXELUSD/?exchange=CRYPTO
537,Moss Coin,MOC,https://www.tradingview.com/symbols/MOCUSD/?exchange=CRYPTO
538,Hacken Token,HAI,https://www.tradingview.com/symbols/HAIUSD/?exchange=CRYPTO
539,Litentry,LIT,https://www.tradingview.com/symbols/LITUSD/?exchange=CRYPTO
540,Sentinel Protocol,UPP,https://www.tradingview.com/symbols/UPPUSD/?exchange=CRYPTO
541,Cratos,CRTS,https://www.tradingview.com/symbols/CRTSUSD/?exchange=CRYPTO
542,Tether EURt,EURT,https://www.tradingview.com/symbols/EURTUSD/?exchange=CRYPTO
543,HOPR,HOPR,https://www.tradingview.com/symbols/HOPRUSD/?exchange=CRYPTO
544,Suku,SUKU,https://www.tradingview.com/symbols/SUKUUSD/?exchange=CRYPTO
545,Celo Dollar,CUSD,https://www.tradingview.com/symbols/CUSDUSD/?exchange=CRYPTO
546,Bonfida,FIDA,https://www.tradingview.com/symbols/FIDAUSD/?exchange=CRYPTO
547,XCAD Network,XCAD,https://www.tradingview.com/symbols/XCADUSD/?exchange=CRYPTO
548,Aleph.im,ALEPH,https://www.tradingview.com/symbols/ALEPHUSD/?exchange=CRYPTO
549,PolySwarm,NCT,https://www.tradingview.com/symbols/NCTUSD/?exchange=CRYPTO
550,Vectorspace AI,VXV,https://www.tradingview.com/symbols/VXVUSD/?exchange=CRYPTO
551,Gelato,GEL,https://www.tradingview.com/symbols/GELUSD/?exchange=CRYPTO
552,Celsius,CEL,https://www.tradingview.com/symbols/CELUSD/?exchange=CRYPTO
553,MCDEX Token,MCB,https://www.tradingview.com/symbols/MCBUSD/?exchange=CRYPTO
554,Aurory,AURY,https://www.tradingview.com/symbols/AURYUSD/?exchange=CRYPTO
555,SelfKey,KEY,https://www.tradingview.com/symbols/KEYUSD/?exchange=CRYPTO
556,Stratos,STOS,https://www.tradingview.com/symbols/STOSUSD/?exchange=CRYPTO
557,ASD,ASD,https://www.tradingview.com/symbols/ASDUSD/?exchange=CRYPTO
558,Turbo,TURBO,https://www.tradingview.com/symbols/TURBOUSD/?exchange=CRYPTO
559,Santos FC Fan Token,SANTOS,https://www.tradingview.com/symbols/SANTOSUSD/?exchange=CRYPTO
560,MXC,MXC,https://www.tradingview.com/symbols/MXCUSD/?exchange=CRYPTO
561,Alpha Quark Token,AQT,https://www.tradingview.com/symbols/AQTUSD/?exchange=CRYPTO
562,Paris Saint-Germain Fan Token,PSG,https://www.tradingview.com/symbols/PSGUSD/?exchange=CRYPTO
563,Biswap,BSW,https://www.tradingview.com/symbols/BSWUSD/?exchange=CRYPTO
564,Altura,ALU,https://www.tradingview.com/symbols/ALUUSD/?exchange=CRYPTO
565,Keep3rV1,KP3R,https://www.tradingview.com/symbols/KP3RUSD/?exchange=CRYPTO
566,NFT Worlds,WRLD,https://www.tradingview.com/symbols/WRLDUSD/?exchange=CRYPTO
567,Qredo,QRDO,https://www.tradingview.com/symbols/QRDOUSD/?exchange=CRYPTO
568,PARSIQ,PRQ,https://www.tradingview.com/symbols/PRQUSD/?exchange=CRYPTO
569,StaFi,FIS,https://www.tradingview.com/symbols/FISUSD/?exchange=CRYPTO
570,Solend,SLND,https://www.tradingview.com/symbols/SLNDUSD/?exchange=CRYPTO
571,Velas,VLX,https://www.tradingview.com/symbols/VLXUSD/?exchange=CRYPTO
572,Travala.com,AVA,https://www.tradingview.com/symbols/AVAUSD/?exchange=CRYPTO
573,UniLend,UFT,https://www.tradingview.com/symbols/UFTUSD/?exchange=CRYPTO
574,FC Barcelona Fan Token,BAR,https://www.tradingview.com/symbols/BARUSD/?exchange=CRYPTO
575,AhaToken,AHT,https://www.tradingview.com/symbols/AHTUSD/?exchange=CRYPTO
576,Across Protocol,ACX,https://www.tradingview.com/symbols/ACXUSD/?exchange=CRYPTO
577,Tranchess,CHESS,https://www.tradingview.com/symbols/CHESSUSD/?exchange=CRYPTO
578,RocketX exchange,RVF,https://www.tradingview.com/symbols/RVFUSD/?exchange=CRYPTO
579,Shapeshift FOX Token,FOX,https://www.tradingview.com/symbols/FOXUSD/?exchange=CRYPTO
580,ONBUFF,ONIT,https://www.tradingview.com/symbols/ONITUSD/?exchange=CRYPTO
581,CENNZnet,CENNZ,https://www.tradingview.com/symbols/CENNZUSD/?exchange=CRYPTO
582,Manchester City Fan Token,CITY,https://www.tradingview.com/symbols/CITYUSD/?exchange=CRYPTO
583,Pitbull,PIT,https://www.tradingview.com/symbols/PITUSD/?exchange=CRYPTO
584,Unifi Protocol DAO,UNFI,https://www.tradingview.com/symbols/UNFIUSD/?exchange=CRYPTO
585,Proton,XPR,https://www.tradingview.com/symbols/XPRUSD/?exchange=CRYPTO
586,Wrapped NCG (Nine Chronicles Gold),WNCG,https://www.tradingview.com/symbols/WNCGUSD/?exchange=CRYPTO
587,Dejitaru Tsuka,TSUKA,https://www.tradingview.com/symbols/TSUKAUSD/?exchange=CRYPTO
588,Katana Inu,KATA,https://www.tradingview.com/symbols/KATAUSD/?exchange=CRYPTO
589,Ambire AdEx,ADX,https://www.tradingview.com/symbols/ADXUSD/?exchange=CRYPTO
590,Beefy Finance,BIFI,https://www.tradingview.com/symbols/BIFIBUSD/?exchange=CRYPTO
591,PIVX,PIVX,https://www.tradingview.com/symbols/PIVXUSD/?exchange=CRYPTO
592,Akropolis,AKRO,https://www.tradingview.com/symbols/AKROUSD/?exchange=CRYPTO
593,Scallop,SCLP,https://www.tradingview.com/symbols/SCLPUSD/?exchange=CRYPTO
594,Ampleforth,AMPL,https://www.tradingview.com/symbols/AMPLUSD/?exchange=CRYPTO
595,HELLO Labs,HELLO,https://www.tradingview.com/symbols/HELLOUSD/?exchange=CRYPTO
596,Alpaca Finance,ALPACA,https://www.tradingview.com/symbols/ALPACAUSD/?exchange=CRYPTO
597,Klever,KLV,https://www.tradingview.com/symbols/KLVUSD/?exchange=CRYPTO
598,Samoyedcoin,SAMO,https://www.tradingview.com/symbols/SAMOUSD/?exchange=CRYPTO
599,VIDT DAO,VIDT,https://www.tradingview.com/symbols/VIDTDUSD/?exchange=CRYPTO
600,FIO Protocol,FIO,https://www.tradingview.com/symbols/FIOUSD/?exchange=CRYPTO
601,Kryll,KRL,https://www.tradingview.com/symbols/KRLUSD/?exchange=CRYPTO
602,BurgerCities,BURGER,https://www.tradingview.com/symbols/BURGERUSD/?exchange=CRYPTO
603,Mango,MNGO,https://www.tradingview.com/symbols/MNGOUSD/?exchange=CRYPTO
604,Bloktopia,BLOK,https://www.tradingview.com/symbols/BLOKUSD/?exchange=CRYPTO
605,Kava Lend,HARD,https://www.tradingview.com/symbols/HARDUSD/?exchange=CRYPTO
606,DeRace,DERC,https://www.tradingview.com/symbols/DERCUSD/?exchange=CRYPTO
607,NuNet,NTX,https://www.tradingview.com/symbols/NTXUSD/?exchange=CRYPTO
608,Wing Finance,WING,https://www.tradingview.com/symbols/WINGUSD/?exchange=CRYPTO
609,S.S. Lazio Fan Token,LAZIO,https://www.tradingview.com/symbols/LAZIOUSD/?exchange=CRYPTO
610,AirDAO,AMB,https://www.tradingview.com/symbols/AMBUSD/?exchange=CRYPTO
611,Ternoa,CAPS,https://www.tradingview.com/symbols/CAPSUSD/?exchange=CRYPTO
612,VITE,VITE,https://www.tradingview.com/symbols/VITEUSD/?exchange=CRYPTO
613,UFO Gaming,UFO,https://www.tradingview.com/symbols/UFOUSD/?exchange=CRYPTO
614,Dock,DOCK,https://www.tradingview.com/symbols/DOCKUSD/?exchange=CRYPTO
615,ParaSwap,PSP,https://www.tradingview.com/symbols/PSPUSD/?exchange=CRYPTO
616,ABBC Coin,ABBC,https://www.tradingview.com/symbols/ABBCUSD/?exchange=CRYPTO
617,Carrieverse,CVTX,https://www.tradingview.com/symbols/CVTXUSD/?exchange=CRYPTO
618,WAGMI Games,WAGMIGAMES,https://www.tradingview.com/symbols/WAGMIGAMESUSD/?exchange=CRYPTO
619,Poolz Finance,POOLX,https://www.tradingview.com/symbols/POOLXUSD/?exchange=CRYPTO
620,Volt Inu V2,VOLT,https://www.tradingview.com/symbols/VOLTUSD/?exchange=CRYPTO
621,AirSwap,AST,https://www.tradingview.com/symbols/ASTUSD/?exchange=CRYPTO
622,Swarm,BZZ,https://www.tradingview.com/symbols/BZZUSD/?exchange=CRYPTO
623,OG Fan Token,OG,https://www.tradingview.com/symbols/OGUSD/?exchange=CRYPTO
624,Alpine F1 Team Fan Token,ALPINE,https://www.tradingview.com/symbols/ALPINEUSD/?exchange=CRYPTO
625,Petals,PTS,https://www.tradingview.com/symbols/PTSUSD/?exchange=CRYPTO
626,BarnBridge,BOND,https://www.tradingview.com/symbols/BONDUSD/?exchange=CRYPTO
627,YIELD App,YLD,https://www.tradingview.com/symbols/YLDUSD/?exchange=CRYPTO
628,Starlink,STARL,https://www.tradingview.com/symbols/STARLUSD/?exchange=CRYPTO
629,Optimus AI,OPTI,https://www.tradingview.com/symbols/OPTIUSD/?exchange=CRYPTO
630,Kleros,PNK,https://www.tradingview.com/symbols/PNKUSD/?exchange=CRYPTO
631,Quantum Resistant Ledger,QRL,https://www.tradingview.com/symbols/QRLUSD/?exchange=CRYPTO
632,Firo,FIRO,https://www.tradingview.com/symbols/FIROUSD/?exchange=CRYPTO
633,TokenPocket,TPT,https://www.tradingview.com/symbols/TPTUSD/?exchange=CRYPTO
634,SIX,SIX,https://www.tradingview.com/symbols/SIXUSD/?exchange=CRYPTO
635,Metahero,HERO,https://www.tradingview.com/symbols/HEROUSD/?exchange=CRYPTO
636,YooShi,YOOSHI,https://www.tradingview.com/symbols/YOOSHIUSD/?exchange=CRYPTO
637,SHPING,SHPING,https://www.tradingview.com/symbols/SHPINGUSD/?exchange=CRYPTO
638,TROY,TROY,https://www.tradingview.com/symbols/TROYUSD/?exchange=CRYPTO
639,Hathor,HTR,https://www.tradingview.com/symbols/HTRUSD/?exchange=CRYPTO
640,dForce,DF,https://www.tradingview.com/symbols/DFUSD/?exchange=CRYPTO
641,DeepBrain Chain,DBC,https://www.tradingview.com/symbols/DBCUSD/?exchange=CRYPTO
642,FC Porto Fan Token,PORTO,https://www.tradingview.com/symbols/PORTOUSD/?exchange=CRYPTO
643,Symbiosis Finance,SIS,https://www.tradingview.com/symbols/SISUSD/?exchange=CRYPTO
644,Locus Chain,LOCUS,https://www.tradingview.com/symbols/LOCUSUSD/?exchange=CRYPTO
645,Stader,SD,https://www.tradingview.com/symbols/SDUSD/?exchange=CRYPTO
646,Cosplay Token,COT,https://www.tradingview.com/symbols/COTUSD/?exchange=CRYPTO
647,Newscrypto,NWC,https://www.tradingview.com/symbols/NWCUSD/?exchange=CRYPTO
648,Pepe 2.0,PEPE20,https://www.tradingview.com/symbols/PEPE20USD/?exchange=CRYPTO
649,Bitcoin Diamond,BCD,https://www.tradingview.com/symbols/BCDUSD/?exchange=CRYPTO
650,KardiaChain,KAI,https://www.tradingview.com/symbols/KAIUSD/?exchange=CRYPTO
651,Squid Grow,SQUIDGROW,https://www.tradingview.com/symbols/SQUIDGROWUSD/?exchange=CRYPTO
652,Gamium,GMM,https://www.tradingview.com/symbols/GMMUSD/?exchange=CRYPTO
653,Viberate,VIB,https://www.tradingview.com/symbols/VIBUSD/?exchange=CRYPTO
654,MILC Platform,MLT,https://www.tradingview.com/symbols/MLTUSD/?exchange=CRYPTO
655,MobileCoin,MOB,https://www.tradingview.com/symbols/MOBUSD/?exchange=CRYPTO
656,Bubblefong,BBF,https://www.tradingview.com/symbols/BBFUSD/?exchange=CRYPTO
657,DFI.Money,YFII,https://www.tradingview.com/symbols/YFIIUSD/?exchange=CRYPTO
658,SpaceN,SN,https://www.tradingview.com/symbols/SNUSD/?exchange=CRYPTO
659,Juventus Fan Token,JUV,https://www.tradingview.com/symbols/JUVUSD/?exchange=CRYPTO
660,Chrono.tech,TIME,https://www.tradingview.com/symbols/TIMEUSD/?exchange=CRYPTO
661,Step App,FITFI,https://www.tradingview.com/symbols/FITFIUSD/?exchange=CRYPTO
662,Coinweb,CWEB,https://www.tradingview.com/symbols/CWEBUSD/?exchange=CRYPTO
663,Dogechain,DC,https://www.tradingview.com/symbols/DCDUSD/?exchange=CRYPTO
664,Quiztok,QTCON,https://www.tradingview.com/symbols/QTCONUSD/?exchange=CRYPTO
665,Splintershards,SPS,https://www.tradingview.com/symbols/SPSUSD/?exchange=CRYPTO
666,Phantasma,SOUL,https://www.tradingview.com/symbols/SOULUSD/?exchange=CRYPTO
667,Gifto,GFT,https://www.tradingview.com/symbols/GTOUSD/?exchange=CRYPTO
668,TrustSwap,SWAP,https://www.tradingview.com/symbols/SWAPUSD/?exchange=CRYPTO
669,Dvision Network,DVI,https://www.tradingview.com/symbols/DVIUSD/?exchange=CRYPTO
670,Vita Inu,VINU,https://www.tradingview.com/symbols/VINUUSD/?exchange=CRYPTO
671,ForTube,FOR,https://www.tradingview.com/symbols/FORUSD/?exchange=CRYPTO
672,KILT Protocol,KILT,https://www.tradingview.com/symbols/KILTUSD/?exchange=CRYPTO
673,DeFi Kingdoms,JEWEL,https://www.tradingview.com/symbols/JEWELUSD/?exchange=CRYPTO
674,Cult DAO,CULT,https://www.tradingview.com/symbols/CULTUSD/?exchange=CRYPTO
675,Saito,SAITO,https://www.tradingview.com/symbols/SAITOUSD/?exchange=CRYPTO
676,Fuse Network,FUSE,https://www.tradingview.com/symbols/FUSEUSD/?exchange=CRYPTO
677,Observer,OBSR,https://www.tradingview.com/symbols/OBSRUSD/?exchange=CRYPTO
678,Voyager Token,VGX,https://www.tradingview.com/symbols/VGXUSD/?exchange=CRYPTO
679,Bad Idea AI,BAD,https://www.tradingview.com/symbols/BADUSD/?exchange=CRYPTO
680,Bytom,BTM,https://www.tradingview.com/symbols/BTMUSD/?exchange=CRYPTO
681,TABOO TOKEN,TABOO,https://www.tradingview.com/symbols/TABOOUSD/?exchange=CRYPTO
682,NvirWorld,NVIR,https://www.tradingview.com/symbols/NVIRUSD/?exchange=CRYPTO
683,OAX,OAX,https://www.tradingview.com/symbols/OAXUSD/?exchange=CRYPTO
684,GameZone,GZONE,https://www.tradingview.com/symbols/GZONEUSD/?exchange=CRYPTO
685,Fei USD,FEI,https://www.tradingview.com/symbols/FEIUSD/?exchange=CRYPTO
686,Nimiq,NIM,https://www.tradingview.com/symbols/NIMUSD/?exchange=CRYPTO
687,AC Milan Fan Token,ACM,https://www.tradingview.com/symbols/ACMUSD/?exchange=CRYPTO
688,Atletico De Madrid Fan Token,ATM,https://www.tradingview.com/symbols/ATMUSD/?exchange=CRYPTO
689,Crust Network,CRU,https://www.tradingview.com/symbols/CRUUSD/?exchange=CRYPTO
690,Shiden Network,SDN,https://www.tradingview.com/symbols/SDNUSD/?exchange=CRYPTO
691,r/FortNiteBR Bricks,BRICK,https://www.tradingview.com/symbols/BRICKUSD/?exchange=CRYPTO
692,Hydra,HYDRA,https://www.tradingview.com/symbols/HYDRAUSD/?exchange=CRYPTO
693,REVV,REVV,https://www.tradingview.com/symbols/REVVUSD/?exchange=CRYPTO
694,Ellipsis,EPX,https://www.tradingview.com/symbols/EPXUSD/?exchange=CRYPTO
695,Galatasaray Fan Token,GAL,https://www.tradingview.com/symbols/GALATUSD/?exchange=CRYPTO
696,SuperWalk,GRND,https://www.tradingview.com/symbols/GRNDUSD/?exchange=CRYPTO
697,SOLVE,SOLVE,https://www.tradingview.com/symbols/SOLVEUSD/?exchange=CRYPTO
698,GYEN,GYEN,https://www.tradingview.com/symbols/GYENUSD/?exchange=CRYPTO
699,Wall Street Meme,WSM,https://www.tradingview.com/symbols/WSMUSD/?exchange=CRYPTO
700,Unibot,UNIBOT,https://www.tradingview.com/symbols/UNIBOTUSD/?exchange=CRYPTO
701,Hegic,HEGIC,https://www.tradingview.com/symbols/HEGICUSD/?exchange=CRYPTO
702,RMRK,RMRK,https://www.tradingview.com/symbols/RMRKUSD/?exchange=CRYPTO
703,Fusion,FSN,https://www.tradingview.com/symbols/FSNUSD/?exchange=CRYPTO
704,Image Generation AI,IMGNAI,https://www.tradingview.com/symbols/IMGNAIUSD/?exchange=CRYPTO
705,Push Protocol,PUSH,https://www.tradingview.com/symbols/PUSHUSD/?exchange=CRYPTO
706,Matrix AI Network,MAN,https://www.tradingview.com/symbols/MANUSD/?exchange=CRYPTO
707,Diamond Launch Coin,DLC,https://www.tradingview.com/symbols/DLCUSD/?exchange=CRYPTO
708,PowerPool,CVP,https://www.tradingview.com/symbols/CVPUSD/?exchange=CRYPTO
709,Ferro,FER,https://www.tradingview.com/symbols/FERUSD/?exchange=CRYPTO
710,UniCrypt,UNCX,https://www.tradingview.com/symbols/UNCXUSD/?exchange=CRYPTO
711,MEVerse,MEV,https://www.tradingview.com/symbols/MEVUSD/?exchange=CRYPTO
712,Akita Inu,AKITA,https://www.tradingview.com/symbols/AKITAUSD/?exchange=CRYPTO
713,FNCY,FNCY,https://www.tradingview.com/symbols/FNCYUSD/?exchange=CRYPTO
714,Tornado Cash,TORN,https://www.tradingview.com/symbols/TORNUSD/?exchange=CRYPTO
715,Prosper,PROS,https://www.tradingview.com/symbols/PROSUSD/?exchange=CRYPTO
716,Karura,KAR,https://www.tradingview.com/symbols/KARUSD/?exchange=CRYPTO
717,Serum,SRM,https://www.tradingview.com/symbols/SRMUSD/?exchange=CRYPTO
718,Izumi Finance,IZI,https://www.tradingview.com/symbols/IZIUSD/?exchange=CRYPTO
719,Comtech Gold,CGO,https://www.tradingview.com/symbols/CGOUSD/?exchange=CRYPTO
720,KlayCity,ORB,https://www.tradingview.com/symbols/ORBUSD/?exchange=CRYPTO
721,BSCPAD,BSCPAD,https://www.tradingview.com/symbols/BSCPADUSD/?exchange=CRYPTO
722,Handshake,HNS,https://www.tradingview.com/symbols/HNSUSD/?exchange=CRYPTO
723,Ooki Protocol,OOKI,https://www.tradingview.com/symbols/OOKIUSD/?exchange=CRYPTO
724,Nexa,NEXA,https://www.tradingview.com/symbols/NEXAUSD/?exchange=CRYPTO
725,Inter Milan Fan Token,INTER,https://www.tradingview.com/symbols/INTERUSD/?exchange=CRYPTO
726,Bitcicoin,BITCI,https://www.tradingview.com/symbols/BITCIUSD/?exchange=CRYPTO
727,Angola,AGLA,https://www.tradingview.com/symbols/AGLAUSD/?exchange=CRYPTO
728,NEST Protocol,NEST,https://www.tradingview.com/symbols/NESTUSD/?exchange=CRYPTO
729,Validity,VAL,https://www.tradingview.com/symbols/VALUSD/?exchange=CRYPTO
730,NFTX,NFTX,https://www.tradingview.com/symbols/NFTXUSD/?exchange=CRYPTO
731,Celo Euro,CEUR,https://www.tradingview.com/symbols/CEURUSD/?exchange=CRYPTO
732,Hillstone Finance,HSF,https://www.tradingview.com/symbols/HSFUSD/?exchange=CRYPTO
733,Veritise,VTS,https://www.tradingview.com/symbols/VTSUSD/?exchange=CRYPTO
734,BABB,BAX,https://www.tradingview.com/symbols/BAXUSD/?exchange=CRYPTO
735,RAI Finance,SOFI,https://www.tradingview.com/symbols/SOFIUSD/?exchange=CRYPTO
736,BitShares,BTS,https://www.tradingview.com/symbols/BTSUSD/?exchange=CRYPTO
737,PolkaFoundry,PKF,https://www.tradingview.com/symbols/PKFUSD/?exchange=CRYPTO
738,Origin Dollar,OUSD,https://www.tradingview.com/symbols/OUSDUSD/?exchange=CRYPTO
739,BitKan,KAN,https://www.tradingview.com/symbols/KANUSD/?exchange=CRYPTO
740,Findora,FRA,https://www.tradingview.com/symbols/FRAUSD/?exchange=CRYPTO
741,Pluton,PLU,https://www.tradingview.com/symbols/PLUUSD/?exchange=CRYPTO
742,AS Roma Fan Token,ASR,https://www.tradingview.com/symbols/ASRUSD/?exchange=CRYPTO
743,apM Coin,APM,https://www.tradingview.com/symbols/APMUSD/?exchange=CRYPTO
744,HAVAH,HVH,https://www.tradingview.com/symbols/HVHUSD/?exchange=CRYPTO
745,Buying.com,BUY,https://www.tradingview.com/symbols/BUYIUSD/?exchange=CRYPTO
746,Hourglass,WAIT,https://www.tradingview.com/symbols/WAITUSD/?exchange=CRYPTO
747,Veloce,VEXT,https://www.tradingview.com/symbols/VEXTUSD/?exchange=CRYPTO
748,Everdome,DOME,https://www.tradingview.com/symbols/DOMEUSD/?exchange=CRYPTO
749,Presearch,PRE,https://www.tradingview.com/symbols/PREUSD/?exchange=CRYPTO
750,ZKBase,ZKB,https://www.tradingview.com/symbols/ZKBAUSD/?exchange=CRYPTO
751,Tamadoge,TAMA,https://www.tradingview.com/symbols/TAMAUSD/?exchange=CRYPTO
752,Orbit Chain,ORC,https://www.tradingview.com/symbols/ORCUSD/?exchange=CRYPTO
753,Grove Coin,GRV,https://www.tradingview.com/symbols/GRVUSD/?exchange=CRYPTO
754,RFOX,RFOX,https://www.tradingview.com/symbols/RFOXUSD/?exchange=CRYPTO
755,GALAXIA,GXA,https://www.tradingview.com/symbols/GXAUSD/?exchange=CRYPTO
756,Rai Reflex Index,RAI,https://www.tradingview.com/symbols/RAIUSD/?exchange=CRYPTO
757,DUST Protocol,DUST,https://www.tradingview.com/symbols/DUSTUSD/?exchange=CRYPTO
758,Rebel Bots,RBLS,https://www.tradingview.com/symbols/RBLSUSD/?exchange=CRYPTO
759,Spheroid Universe,SPH,https://www.tradingview.com/symbols/SPHUSD/?exchange=CRYPTO
760,Efforce,WOZX,https://www.tradingview.com/symbols/WOZXUSD/?exchange=CRYPTO
761,Drep [new],DREP,https://www.tradingview.com/symbols/DREPUSD/?exchange=CRYPTO
762,Multichain,MULTI,https://www.tradingview.com/symbols/MULTIUSD/?exchange=CRYPTO
763,Meta Apes,PEEL,https://www.tradingview.com/symbols/PEELUSD/?exchange=CRYPTO
764,LBRY Credits,LBC,https://www.tradingview.com/symbols/LBCUSD/?exchange=CRYPTO
765,SOMESING,SSX,https://www.tradingview.com/symbols/SSXUSD/?exchange=CRYPTO
766,pNetwork,PNT,https://www.tradingview.com/symbols/PNTPUSD/?exchange=CRYPTO
767,KALM,KALM,https://www.tradingview.com/symbols/KALMUSD/?exchange=CRYPTO
768,Waltonchain,WTC,https://www.tradingview.com/symbols/WTCUSD/?exchange=CRYPTO
769,Evadore,EVA,https://www.tradingview.com/symbols/EVADUSD/?exchange=CRYPTO
770,Throne,THN,https://www.tradingview.com/symbols/THNUSD/?exchange=CRYPTO
771,PERL.eco,PERL,https://www.tradingview.com/symbols/PERLUSD/?exchange=CRYPTO
772,Giant Mammoth,GMMT,https://www.tradingview.com/symbols/GMMTUSD/?exchange=CRYPTO
773,TitanSwap,TITAN,https://www.tradingview.com/symbols/TITANUSD/?exchange=CRYPTO
